UF,nome,PIB,Pop_est_2009,PIB_percapita
BAHIA,Tremedal,57883.9921875,18433,3140.23999023
RIO GRANDE DO SUL,Turuçu,45723.875,4000,11430.96972656
ESPIRITO SANTO,Vitória,19782628.0,320156,61790.58984375
MINAS GERAIS,Jacutinga,247816.0,21424,11567.20996094
PIAUÍ,Nazária,20951.38085938,7895,2653.75
MINAS GERAIS,Pedra Azul,187523.671875,26000,7212.45019531
PIAUÍ,Teresina,8700461.0,802537,10841.20019531
PIAUÍ,Amarante,65322.88671875,17892,3650.94995117
GOIÁS,Matrinchã,45910.546875,4420,10387.0
PERNAMBUCO,Cachoeirinha,80433.8046875,18123,4438.22021484
PARÁ,Afuá,100038.40625,32633,3065.56005859
PERNAMBUCO,Fernando de Noronha,26980.71484375,3108,8681.04980469
RIO GRANDE DO SUL,Frederico Westphalen,490769.53125,28428,17263.59960938
SERGIPE,Amparo de São Francisco,12769.73339844,2268,5630.39013672
SÃO PAULO,Itapeva,1120700.0,89768,12484.40039062
PARAÍBA,Bayeux,604882.125,96198,6287.89013672
TOCANTINS,Ananás,59541.40625,9514,6258.29003906
MINAS GERAIS,Santo Antônio do Retiro,25568.890625,7087,3607.86010742
PARAÍBA,Serra Branca,62123.3359375,12816,4847.33007812
AMAZONAS,Envira,69843.03125,17614,3965.19995117
TOCANTINS,Oliveira de Fátima,11591.94921875,1129,10267.45019531
SÃO PAULO,Elisiário,52295.234375,3317,15765.8203125
SANTA CATARINA,Otacílio Costa,364577.8125,16587,21979.73046875
MINAS GERAIS,Sericita,39047.0703125,7345,5316.14013672
MINAS GERAIS,Diamantina,287632.03125,46372,6202.70996094
BAHIA,Maetinga,23558.44726562,7884,2988.12988281
CEARÁ,Iracema,62552.0234375,15114,4138.68017578
RORAIMA,São João da Baliza,59372.453125,6028,9849.45019531
RIO GRANDE DO SUL,Paulo Bento,37882.76953125,2149,17628.08984375
PERNAMBUCO,Alagoinha,57886.21484375,14913,3881.59008789
PIAUÍ,Inhuma,62012.0234375,15490,4003.36010742
MARANHÃO,Joselândia,60842.48046875,16188,3758.48999023
RIO DE JANEIRO,Itaguaí,3008327.25,105633,28479.05078125
MINAS GERAIS,Cedro do Abaeté,10221.85644531,1221,8371.70996094
RIO GRANDE DO SUL,Cacequi,174171.703125,13578,12827.49023438
PERNAMBUCO,Barra de Guabiraba,46595.87109375,13623,3420.37988281
BAHIA,Ibirapuã,74997.40625,7893,9501.75976562
PARAÍBA,Bernardino Batista,11964.66210938,3315,3609.25
PARAÍBA,Lagoa,19203.7109375,4949,3880.32006836
MATO GROSSO,Novo Horizonte do Norte,32778.5078125,3970,8256.54980469
MINAS GERAIS,Nova Lima,2120726.75,76608,27682.83984375
PARÁ,Tomé-Açu,226379.46875,48607,4657.33984375
BAHIA,Governador Mangabeira,92903.8203125,20668,4495.06005859
PIAUÍ,Aroeiras do Itaim,8614.79785156,2759,3122.42993164
GOIÁS,Perolândia,145665.390625,2830,51471.87109375
PARAÍBA,Pocinhos,68767.046875,16538,4158.12011719
BAHIA,Ibititá,62366.88671875,19410,3213.12988281
TOCANTINS,Aliança do Tocantins,44565.703125,5822,7654.70996094
MINAS GERAIS,Igarapé,277495.78125,33773,8216.5
TOCANTINS,Lagoa da Confusão,263527.4375,8711,30252.25976562
PARAÍBA,Puxinanã,59902.4921875,13354,4485.72998047
SÃO PAULO,Guarujá,3429098.5,308058,11131.33984375
RIO GRANDE DO SUL,Engenho Velho,24098.88671875,1467,16427.33007812
PARANÁ,Rio Bom,29087.8984375,3292,8835.9296875
BAHIA,Sátiro Dias,75908.4609375,18919,4012.29003906
SANTA CATARINA,José Boiteux,50867.8984375,5054,10064.87988281
PARÁ,Cachoeira do Arari,62800.12890625,20411,3076.7800293
BAHIA,Irajuba,29224.98828125,7666,3812.29003906
PERNAMBUCO,Palmares,387086.59375,58819,6580.97998047
SERGIPE,Brejo Grande,39924.37890625,8086,4937.47021484
PARANÁ,Altamira do Paraná,37563.4296875,3799,9887.71972656
MATO GROSSO,Nova Santa Helena,49004.0,3473,14109.99023438
PARAÍBA,São Sebastião do Umbuzeiro,15186.453125,3170,4790.68017578
MATO GROSSO,Nova Guarita,45700.81640625,4907,9313.38964844
MARANHÃO,Serrano do Maranhão,40995.56640625,11085,3698.29003906
SÃO PAULO,Pedrinhas Paulista,75881.6875,2927,25924.73046875
GOIÁS,Santa Rita do Novo Destino,29350.61328125,3576,8207.66992188
PARAÍBA,Cabedelo,2332828.25,51865,44978.8515625
PERNAMBUCO,Cabrobó,188859.3125,30432,6205.95019531
ALAGOAS,Dois Riachos,35078.25390625,11200,3131.98999023
MATO GROSSO DO SUL,Corumbá,2715506.75,99467,27300.58007812
MINAS GERAIS,Santa Maria do Suaçuí,71374.390625,14931,4780.27978516
MATO GROSSO,Tapurah,321427.21875,11517,27908.93945312
PARÁ,Bragança,382807.5625,107060,3575.63989258
RIO DE JANEIRO,Três Rios,1304643.375,76075,17149.43945312
ALAGOAS,Belém,19550.015625,5083,3846.15991211
CEARÁ,Abaiara,33615.54296875,11077,3034.7199707
BAHIA,Itaquara,33105.69921875,7743,4275.56982422
MARANHÃO,Santa Luzia,243949.921875,71455,3414.04003906
PARAÍBA,Patos,615180.875,100732,6107.10009766
SÃO PAULO,São Luís do Paraitinga,82827.171875,10908,7593.25
SANTA CATARINA,Cordilheira Alta,128883.09375,3531,36500.44921875
MINAS GERAIS,Catas Altas da Noruega,14633.55566406,3573,4095.59008789
ACRE,Marechal Thaumaturgo,109181.8671875,14275,7648.47021484
PARAÍBA,Riachão do Bacamarte,17855.66796875,4319,4134.20996094
MARANHÃO,Senador Alexandre Costa,31518.8046875,9414,3348.08007812
MARANHÃO,São Raimundo do Doca Bezerra,19792.5078125,4372,4527.10986328
PARANÁ,Diamante do Norte,39603.3515625,5668,6987.18017578
PARÁ,Breu Branco,282525.6875,52200,5412.37011719
PERNAMBUCO,Angelim,41266.19140625,10385,3973.62988281
RIO GRANDE DO SUL,Arvorezinha,120895.8828125,10548,11461.5
MARANHÃO,Presidente Médici,26121.25585938,6363,4105.18017578
RIO GRANDE DO SUL,Palmeira das Missões,597852.75,34225,17468.30078125
SÃO PAULO,Divinolândia,158577.421875,11343,13980.20019531
BAHIA,Cansanção,112228.7734375,34093,3291.84008789
SERGIPE,Tomar do Geru,62506.4609375,13717,4556.85986328
PARANÁ,Santa Lúcia,34974.37109375,3743,9343.94042969
RIO GRANDE DO NORTE,Rafael Godeiro,14798.20410156,3251,4551.89013672
CEARÁ,Novo Oriente,93621.4453125,28703,3261.72998047
PARAÍBA,Alcantil,22410.37304688,5232,4283.33007812
SANTA CATARINA,Meleiro,158156.390625,7063,22392.24023438
MATO GROSSO,Sapezal,1418892.125,15735,90174.2734375
MINAS GERAIS,Pouso Alto,80420.0546875,6494,12383.75
PIAUÍ,Dom Inocêncio,25457.23046875,10795,2358.23999023
SERGIPE,Santana do São Francisco,30641.17382812,6861,4465.99023438
MINAS GERAIS,Campanha,145911.328125,15949,9148.62011719
MINAS GERAIS,Orizânia,32101.34765625,7078,4535.37011719
SANTA CATARINA,São José do Cerrito,78940.25,10624,7430.37011719
PIAUÍ,Prata do Piauí,10738.21386719,3260,3293.92993164
MARANHÃO,Amarante do Maranhão,131346.625,37388,3513.07006836
BAHIA,Itaparica,102586.6484375,20796,4933.0
SÃO PAULO,Araraquara,4193535.25,200666,20898.08984375
SERGIPE,Indiaroba,86033.2578125,18126,4746.39990234
RIO GRANDE DO NORTE,Taipu,68109.515625,12165,5598.81005859
BAHIA,Nova Redenção,28909.56835938,9318,3102.55004883
PARÁ,Aveiro,54393.734375,20266,2683.98999023
PIAUÍ,Alegrete do Piauí,21006.09179688,4595,4571.50976562
RIO GRANDE DO SUL,Monte Belo do Sul,58234.10546875,2826,20606.55078125
PARANÁ,Nova Aurora,189617.90625,11636,16295.79980469
PERNAMBUCO,Santa Maria do Cambucá,48165.3125,12942,3721.62988281
SANTA CATARINA,Peritiba,46664.69921875,2977,15675.08007812
MINAS GERAIS,Brasópolis,105255.1484375,14756,7133.04003906
PIAUÍ,Lagoa Alegre,24826.51953125,8210,3023.93994141
PIAUÍ,Curimatá,40100.8359375,10765,3725.11010742
PARAÍBA,Barra de Santana,34139.8046875,8909,3832.06005859
MINAS GERAIS,Leme do Prado,22865.88476562,5145,4444.29003906
PARAÍBA,Alagoa Nova,123786.2734375,19799,6252.14990234
RIO GRANDE DO SUL,São Jerônimo,281260.28125,21289,13211.53027344
MINAS GERAIS,Rio Vermelho,62241.30078125,15343,4056.65991211
SÃO PAULO,Itapevi,3638207.25,205881,17671.41015625
BAHIA,Ibicuí,69475.15625,16464,4219.81982422
PARANÁ,Rancho Alegre,33275.3046875,4083,8149.72021484
RIO GRANDE DO SUL,Erval Grande,53334.69921875,5367,9937.53027344
MATO GROSSO,Planalto da Serra,33849.7578125,2797,12102.16992188
BAHIA,Santa Rita de Cássia,91663.0,27528,3329.81005859
MINAS GERAIS,Imbé de Minas,38283.34375,6641,5764.70019531
GOIÁS,Novo Gama,352584.96875,88835,3968.98999023
PIAUÍ,Passagem Franca do Piauí,14411.97558594,4246,3394.25
RIO GRANDE DO SUL,Chuí,140923.671875,5496,25641.13085938
CEARÁ,Ibaretama,42010.30078125,13206,3181.14990234
SÃO PAULO,Bastos,322317.3125,21380,15075.65039062
SÃO PAULO,Três Fronteiras,49727.08984375,5163,9631.4296875
GOIÁS,Britânia,48315.8125,5190,9309.41015625
MINAS GERAIS,Douradoquara,23141.8359375,1924,12027.98046875
PARANÁ,Piraí do Sul,293748.59375,24374,12051.71972656
SÃO PAULO,Américo Brasiliense,578886.875,33255,17407.50976562
BAHIA,Nordestina,35456.31640625,12670,2798.44995117
PARANÁ,São Manoel do Paraná,18855.14453125,2170,8689.00976562
SANTA CATARINA,Santa Cecília,201708.875,15928,12663.79003906
PARAÍBA,Serra Grande,12504.2421875,3147,3973.37988281
PIAUÍ,Alagoinha do Piauí,27277.73046875,7736,3526.08007812
SANTA CATARINA,São João do Sul,84870.84375,7174,11830.33984375
MATO GROSSO DO SUL,Anastácio,202939.390625,23047,8805.45996094
RIO GRANDE DO NORTE,Pedra Preta,12639.96777344,2718,4650.47021484
MARANHÃO,Alto Alegre do Maranhão,70238.390625,22914,3065.30004883
SERGIPE,Poço Redondo,138586.828125,30249,4581.52978516
SÃO PAULO,Sertãozinho,4155643.5,110999,37438.5703125
PARAÍBA,Riacho de Santo Antônio,9611.00976562,1588,6052.27001953
PARAÍBA,São José da Lagoa Tapada,29955.484375,8067,3713.34008789
BAHIA,Coronel João Sá,76828.921875,18408,4173.66992188
RIO GRANDE DO SUL,Sarandi,389289.53125,21828,17834.41015625
MARANHÃO,Governador Luiz Rocha,23451.05078125,7144,3282.62011719
MINAS GERAIS,Piranguçu,34538.80859375,5319,6493.47998047
BAHIA,Pedro Alexandre,58842.01171875,17698,3324.7800293
MARANHÃO,Morros,48157.7734375,17916,2687.97998047
RIO GRANDE DO SUL,Casca,201810.28125,8654,23319.88085938
PARANÁ,São Mateus do Sul,552378.875,41188,13411.16015625
RIO DE JANEIRO,Varre-Sai,88212.8359375,8852,9965.29980469
SÃO PAULO,Sabino,71262.4765625,5420,13148.05957031
SÃO PAULO,Caraguatatuba,1147377.5,96125,11936.30957031
BAHIA,Prado,285453.96875,26016,10972.25
SANTA CATARINA,Rio das Antas,86345.3984375,6237,13844.05957031
PARAÍBA,Cruz do Espírito Santo,71412.4453125,15854,4504.37988281
RIO GRANDE DO SUL,Protásio Alves,30150.00390625,2188,13779.70996094
BAHIA,Iaçu,109799.9453125,28602,3838.88989258
SERGIPE,Areia Branca,86116.2890625,16733,5146.49023438
RONDÔNIA,Itapuã do Oeste,84785.7265625,8235,10295.78027344
MINAS GERAIS,São João Evangelista,81616.9921875,16254,5021.35009766
PIAUÍ,Cocal,79448.5,27220,2918.75
PARANÁ,São Tomé,89769.359375,5522,16256.6796875
PERNAMBUCO,Lagoa do Ouro,48624.8359375,12244,3971.32006836
RIO GRANDE DO SUL,Cacique Doble,52123.5,5008,10408.04980469
RIO GRANDE DO SUL,Porto Xavier,142891.265625,11131,12837.24023438
MINAS GERAIS,Ewbank da Câmara,19510.05859375,3676,5307.41992188
RORAIMA,Pacaraima,93442.5703125,9220,10134.76953125
MINAS GERAIS,Viçosa,599764.125,74171,8086.22998047
MATO GROSSO DO SUL,Sonora,258011.5625,13334,19349.90039062
RIO GRANDE DO SUL,Jari,88814.828125,3802,23360.02929688
PERNAMBUCO,Joaquim Nabuco,96163.34375,16498,5828.79003906
MINAS GERAIS,Ubaporanga,69659.015625,12561,5545.66015625
PARANÁ,Tupãssi,137302.3125,7947,17277.25
SÃO PAULO,Santo Expedito,27413.52148438,2956,9273.86035156
RIO GRANDE DO SUL,Caiçara,60827.06640625,5240,11608.21972656
MARANHÃO,Capinzal do Norte,44285.91796875,10688,4143.52001953
RIO GRANDE DO NORTE,Caiçara do Norte,31648.85742188,6652,4757.79980469
SÃO PAULO,Paulo de Faria,121381.28125,9463,12826.9296875
PARANÁ,Ampére,193306.609375,18041,10714.84960938
PIAUÍ,Paes Landim,14581.94140625,4562,3196.38989258
MINAS GERAIS,Campo do Meio,83806.1875,11871,7059.74023438
PARANÁ,Anahy,33611.8046875,2926,11487.29003906
ESPIRITO SANTO,Serra,11531826.0,404688,28495.59960938
SÃO PAULO,São João do Pau d'Alho,36372.3046875,2191,16600.77929688
SÃO PAULO,Paulicéia,73761.8125,5791,12737.3203125
RIO GRANDE DO NORTE,Viçosa,8834.24511719,1856,4759.83007812
RIO GRANDE DO NORTE,Fernando Pedroza,12757.65820312,2994,4261.06982422
MINAS GERAIS,Aricanduva,23447.10742188,5140,4561.68994141
BAHIA,Araci,172730.890625,54713,3157.04003906
SÃO PAULO,Tremembé,393278.46875,41159,9555.09960938
TOCANTINS,Buriti do Tocantins,39691.9453125,8454,4695.04980469
GOIÁS,Cezarina,145802.765625,7832,18616.2890625
MARANHÃO,Vitorino Freire,122207.015625,31144,3923.92993164
RONDÔNIA,Ariquemes,1040960.75,85541,12169.13964844
PARAÍBA,Seridó,32620.47851562,10091,3232.62988281
PARANÁ,Castro,1097076.75,68071,16116.65039062
ALAGOAS,Santana do Mundaú,52134.53515625,12039,4330.47021484
PARAÍBA,Esperança,221022.5625,30855,7163.27001953
PARAÍBA,Poço de José de Moura,17580.734375,4118,4269.24023438
GOIÁS,Gouvelândia,120889.484375,4790,25237.890625
RIO GRANDE DO SUL,Ibiraiaras,136556.0625,7319,18657.75
ESPIRITO SANTO,Pancas,123706.6484375,18497,6687.93017578
RIO DE JANEIRO,Cardoso Moreira,203775.765625,12481,16326.87988281
PARANÁ,São Pedro do Iguaçu,84376.4140625,6561,12860.29980469
PARAÍBA,Uiraúna,65173.609375,14963,4355.64990234
ALAGOAS,Campo Alegre,182361.03125,47209,3862.84008789
SANTA CATARINA,Morro da Fumaça,370818.0,16128,22992.18945312
RIO GRANDE DO SUL,Westfalia,67336.796875,2843,23685.11914062
MINAS GERAIS,Catuti,22031.84960938,5473,4025.55004883
PIAUÍ,Cocal de Telha,15476.57128906,4689,3300.61010742
SÃO PAULO,Leme,1338844.125,88995,15044.04003906
SÃO PAULO,Nova Europa,113681.1171875,10092,11264.48046875
MARANHÃO,Bequimão,64784.91796875,21508,3012.12988281
PARANÁ,Quedas do Iguaçu,477660.84375,31976,14938.11035156
PARAÍBA,Maturéia,24164.58789062,6029,4008.06005859
ALAGOAS,Passo de Camaragibe,59784.6875,14261,4192.18017578
SÃO PAULO,São João das Duas Pontes,31190.76757812,2630,11859.61035156
SÃO PAULO,Promissão,771585.3125,37570,20537.26953125
PERNAMBUCO,Santa Cruz,53805.15234375,14782,3639.90991211
SERGIPE,Pacatuba,153896.0,12870,11957.73046875
BAHIA,Coribe,63455.30859375,14895,4260.18017578
RIO GRANDE DO NORTE,Messias Targino,21696.81640625,3923,5530.66992188
ESPIRITO SANTO,Alto Rio Novo,47128.93359375,6172,7635.93017578
SÃO PAULO,Novais,37936.8671875,3974,9546.26953125
PIAUÍ,Campo Grande do Piauí,20200.31054688,5898,3424.93994141
MINAS GERAIS,Inhapim,150295.234375,24952,6023.37011719
SANTA CATARINA,Ermo,40582.9296875,1857,21854.02929688
BAHIA,Araças,97321.03125,12209,7971.25
BAHIA,Conceição do Almeida,69316.4296875,17974,3856.47998047
GOIÁS,Orizona,234588.984375,15201,15432.46972656
CEARÁ,Acarape,56133.1015625,15627,3592.06005859
PARAÍBA,Pilõezinhos,21413.59960938,5470,3914.72998047
MINAS GERAIS,Serra Azul de Minas,17296.31054688,4479,3861.64990234
MINAS GERAIS,Passa-Vinte,12662.79980469,2132,5939.39990234
PERNAMBUCO,Petrolina,2283346.25,281851,8101.25
MINAS GERAIS,Juruaia,72658.75,8684,8366.96972656
BAHIA,Baianópolis,60239.99609375,14195,4243.75
MATO GROSSO,Gaúcha do Norte,132122.640625,6195,21327.30078125
MINAS GERAIS,Araújos,61315.7109375,7692,7971.35986328
SÃO PAULO,Santo Anastácio,225050.078125,21222,10604.5703125
RIO GRANDE DO NORTE,Riacho da Cruz,13750.82910156,3165,4344.64990234
PARANÁ,Peabiru,130212.734375,13347,9755.95996094
SÃO PAULO,Guzolândia,45986.609375,4917,9352.5703125
PIAUÍ,Regeneração,60257.28125,18190,3312.65991211
MARANHÃO,São José dos Basílios,27508.0546875,7489,3673.12988281
RIO DE JANEIRO,Queimados,1224457.75,139378,8785.16015625
TOCANTINS,Sucupira,29328.91796875,1741,16846.01953125
BAHIA,Cruz das Almas,387271.40625,57098,6782.56982422
MINAS GERAIS,São Sebastião do Oeste,141371.28125,5689,24849.9296875
TOCANTINS,Novo Jardim,21134.14648438,2525,8369.95996094
PARAÍBA,Alhandra,233951.8125,18941,12351.61035156
RIO GRANDE DO SUL,Alecrim,68632.7734375,7259,9454.84960938
PIAUÍ,Riacho Frio,16725.6796875,5093,3284.05004883
PARÁ,Marabá,3058909.0,203049,15064.87988281
TOCANTINS,Angico,19860.26953125,3300,6018.25976562
TOCANTINS,Palmeirópolis,63415.48046875,8492,7467.66992188
MINAS GERAIS,Santos Dumont,563264.25,47244,11922.45019531
BAHIA,Feira de Santana,6358135.5,591707,10745.41015625
SÃO PAULO,Pereiras,143394.953125,8076,17755.68945312
SANTA CATARINA,Rio do Sul,1234667.5,59962,20590.83007812
RIO GRANDE DO SUL,Anta Gorda,92337.53125,6326,14596.50976562
TOCANTINS,Santa Fé do Araguaia,59609.5390625,5795,10286.37011719
BAHIA,Jaborandi,161163.734375,8895,18118.4609375
MINAS GERAIS,Congonhal,89204.5078125,10261,8693.54980469
PARÁ,Portel,166577.46875,48945,3403.36010742
MINAS GERAIS,Silveirânia,14646.60546875,2193,6678.79980469
RIO GRANDE DO SUL,Campo Bom,1244125.625,59366,20956.86914062
MINAS GERAIS,São Romão,52772.86328125,9713,5433.22021484
MINAS GERAIS,São João das Missões,35754.640625,11267,3173.38989258
PARÁ,Breves,300338.15625,101094,2970.87988281
PARANÁ,Cerro Azul,182354.265625,18660,9772.46972656
GOIÁS,Petrolina de Goiás,71342.0625,10061,7090.95019531
RIO GRANDE DO SUL,Coronel Bicaco,115668.953125,7971,14511.21972656
PARANÁ,Pinhão,474849.625,30295,15674.19042969
PERNAMBUCO,Bezerros,285545.96875,58354,4893.33984375
TOCANTINS,Formoso do Araguaia,251944.96875,18719,13459.3203125
SÃO PAULO,Piraju,347479.03125,29398,11819.8203125
GOIÁS,Santo Antônio da Barra,71073.3515625,4295,16547.9296875
SANTA CATARINA,Três Barras,377119.4375,18708,20158.18945312
RIO GRANDE DO SUL,São Francisco de Assis,209910.53125,19799,10602.08007812
RORAIMA,Mucajaí,146580.046875,13188,11114.65039062
SERGIPE,Maruim,157533.96875,15582,10110.0
MINAS GERAIS,Lima Duarte,117942.3671875,16494,7150.62011719
MINAS GERAIS,Comercinho,40922.234375,8637,4738.02001953
SANTA CATARINA,Cunha Porã,231428.96875,11079,20888.98046875
PIAUÍ,Paquetá,15219.06542969,4686,3247.77001953
AMAZONAS,Nova Olinda do Norte,108783.34375,31012,3507.7800293
SANTA CATARINA,Itapoá,136989.625,11489,11923.54980469
RIO DE JANEIRO,São Sebastião do Alto,83303.6875,9052,9202.79003906
BAHIA,Santaluz,129238.140625,35416,3649.14990234
ESPIRITO SANTO,Vargem Alta,174520.09375,18637,9364.16992188
MINAS GERAIS,Cordislândia,34203.63671875,3743,9138.03027344
MINAS GERAIS,Santa Helena de Minas,24735.28125,6126,4037.75
MINAS GERAIS,Leopoldina,510692.75,51545,9907.70996094
MINAS GERAIS,Machado,624136.0,39509,15797.30957031
PIAUÍ,Lagoinha do Piauí,9008.67675781,2676,3366.4699707
RIO GRANDE DO NORTE,Tenente Laurentino Cruz,25890.28125,5369,4822.18017578
MATO GROSSO,São Pedro da Cipa,27307.92578125,4241,6439.02978516
BAHIA,Alagoinhas,1298216.375,137810,9420.33984375
SANTA CATARINA,Ouro Verde,63212.0859375,2179,29009.6796875
TOCANTINS,Paranã,63521.6015625,10824,5868.58984375
RIO GRANDE DO NORTE,São José de Mipibu,224160.21875,38404,5836.89990234
SÃO PAULO,Cunha,127499.703125,23735,5371.79980469
MINAS GERAIS,Coroaci,55665.796875,11131,5000.97021484
MINAS GERAIS,Rubim,50577.96484375,9855,5132.20996094
MINAS GERAIS,Patrocínio do Muriaé,30995.88867188,5613,5522.16015625
MINAS GERAIS,Conceição do Pará,114920.3671875,4866,23617.00976562
PARAÍBA,Santo André,11492.10351562,2707,4245.33007812
MINAS GERAIS,Capitão Enéas,170824.125,14830,11518.8203125
SÃO PAULO,Valinhos,3042457.0,107481,28306.9296875
MINAS GERAIS,Nova Serrana,619228.5625,67967,9110.71972656
SÃO PAULO,Florínia,97524.5234375,2856,34147.23828125
MINAS GERAIS,Pedro Leopoldo,865962.75,59064,14661.4296875
BAHIA,Itiruçu,68143.1640625,16827,4049.62988281
PARANÁ,Novo Itacolomi,23699.01367188,2808,8439.8203125
AMAZONAS,Manaus,40486108.0,1738641,23286.06054688
PARAÍBA,Tenório,12547.22851562,2921,4295.52978516
MINAS GERAIS,Rio Espera,28883.20703125,6728,4292.99023438
ACRE,Senador Guiomard,217153.859375,19697,11024.71972656
GOIÁS,Jussara,188344.21875,19130,9845.49023438
MINAS GERAIS,Guarani,78912.1640625,10049,7852.74023438
SÃO PAULO,Fernandópolis,978006.125,63539,15392.21972656
SÃO PAULO,Riolândia,100229.5703125,10542,9507.63964844
PIAUÍ,São Gonçalo do Gurguéia,10072.890625,2544,3959.4699707
TOCANTINS,Crixás do Tocantins,20361.1640625,1289,15796.08984375
PIAUÍ,Jardim do Mulato,14268.64648438,4318,3304.45996094
MARANHÃO,Godofredo Viana,31905.390625,11207,2846.91992188
MINAS GERAIS,Aguanil,29883.59179688,4315,6925.50976562
MINAS GERAIS,Ribeirão das Neves,1712842.5,349307,4903.54003906
RIO GRANDE DO NORTE,Ruy Barbosa,17067.80664062,3730,4575.81982422
BAHIA,Mulungu do Morro,39825.95703125,13879,2869.51000977
RIO GRANDE DO SUL,Ajuricaba,129304.8671875,7374,17535.24023438
ALAGOAS,Marechal Deodoro,620477.5,47623,13028.95019531
PIAUÍ,Acauã,22335.9765625,7354,3037.26000977
MINAS GERAIS,Itutinga,55648.8046875,4165,13361.05957031
PERNAMBUCO,Limoeiro,269157.125,57243,4702.00976562
CEARÁ,Aratuba,50276.91796875,12478,4029.23999023
RIO GRANDE DO SUL,Boa Vista das Missões,54992.50390625,2100,26186.91015625
CEARÁ,Pindoretama,76975.75,18322,4201.27001953
MINAS GERAIS,Sabará,1005070.625,126195,7964.43017578
PARANÁ,Rio Branco do Sul,550602.9375,33142,16613.44921875
BAHIA,Cabaceiras do Paraguaçu,58247.78515625,18569,3136.83007812
MINAS GERAIS,São Geraldo do Baixio,21757.00390625,3461,6286.33007812
SANTA CATARINA,Jardinópolis,23165.56445312,1881,12315.55957031
MINAS GERAIS,Lagoa Santa,672530.5,48213,13949.15039062
MINAS GERAIS,Senador Cortes,14030.48046875,2082,6738.93994141
MINAS GERAIS,Nepomuceno,233659.203125,25152,9289.88964844
MATO GROSSO,Cocalinho,93218.71875,6103,15274.24023438
PIAUÍ,Sebastião Barros,17421.07421875,4270,4079.87988281
BAHIA,Tanque Novo,70092.859375,16466,4256.81982422
MINAS GERAIS,Brás Pires,20628.4296875,4615,4469.87011719
MINAS GERAIS,Monte Azul,94946.1875,22838,4157.37988281
SÃO PAULO,Mauá,6574846.5,417458,15749.71972656
BAHIA,Planaltino,31850.30078125,8880,3586.75
MINAS GERAIS,Tupaciguara,294354.84375,23841,12346.58007812
MATO GROSSO DO SUL,Alcinópolis,92977.2265625,4515,20592.9609375
BAHIA,Serrinha,393287.0625,73859,5324.83984375
SANTA CATARINA,Abdon Batista,35731.484375,2805,12738.5
MARANHÃO,Carutapera,67091.46875,21121,3176.5300293
RIO DE JANEIRO,Cantagalo,622857.5,20540,30324.11914062
CEARÁ,Boa Viagem,195497.71875,56236,3476.37988281
MINAS GERAIS,Sacramento,527058.9375,23112,22804.56054688
BAHIA,Ipiaú,271794.59375,43723,6216.27978516
SANTA CATARINA,Bom Jardim da Serra,47566.6953125,4383,10852.54003906
SÃO PAULO,Várzea Paulista,1421194.0,107211,13256.04980469
GOIÁS,Rio Quente,49451.97265625,3285,15053.87011719
PIAUÍ,Santana do Piauí,15979.00292969,5015,3186.23999023
RIO GRANDE DO SUL,Carlos Gomes,20166.66992188,1718,11738.45996094
SÃO PAULO,Riversul,43661.6171875,6520,6696.56982422
ACRE,Assis Brasil,48347.30078125,5662,8538.91015625
PARAÍBA,Araruna,78491.8515625,20009,3922.83007812
MINAS GERAIS,Jequitaí,44734.484375,8117,5511.20996094
BAHIA,Conceição do Jacuípe,404286.28125,28769,14052.83984375
BAHIA,Ibirapitanga,94739.7421875,24223,3911.14990234
GOIÁS,Acreúna,292935.15625,19246,15220.5703125
ALAGOAS,São Miguel dos Milagres,29789.48828125,7601,3919.14990234
MATO GROSSO,Pontes e Lacerda,523958.28125,39228,13356.74023438
MINAS GERAIS,Águas Formosas,92617.0078125,19310,4796.31982422
PARANÁ,Imbituva,220502.328125,28660,7693.72998047
SÃO PAULO,Alto Alegre,38369.390625,4267,8992.12011719
ESPIRITO SANTO,João Neiva,162151.4375,14621,11090.30957031
PIAUÍ,Valença do Piauí,90192.671875,20303,4442.33007812
MINAS GERAIS,Pompéu,387824.65625,29929,12958.16015625
ACRE,Epitaciolândia,129641.09375,14224,9114.25
MINAS GERAIS,Veríssimo,77581.65625,3991,19439.15039062
PIAUÍ,São João da Serra,22621.08203125,6877,3289.37988281
PIAUÍ,Coronel José Dias,13511.09667969,4484,3013.17993164
MINAS GERAIS,Cachoeira da Prata,29977.31835938,3936,7616.18994141
MINAS GERAIS,São Gonçalo do Pará,77404.9296875,11246,6882.89013672
SÃO PAULO,Bragança Paulista,2389078.25,145894,16375.44042969
MATO GROSSO,General Carneiro,98700.0546875,5028,19630.08007812
MARANHÃO,São Roberto,17869.60351562,5217,3425.26000977
PARÁ,Nova Esperança do Piriá,69204.703125,24062,2876.10009766
PARANÁ,Pato Branco,1345454.625,70160,19176.94921875
MINAS GERAIS,Caraí,80639.375,22392,3601.26000977
RIO GRANDE DO NORTE,Senador Georgino Avelino,20890.93164062,3854,5420.58007812
MINAS GERAIS,Resplendor,154419.015625,17608,8769.8203125
TOCANTINS,Pedro Afonso,219720.21875,10758,20423.890625
SANTA CATARINA,Timbó,857392.6875,35303,24286.6796875
PIAUÍ,São Gonçalo do Piauí,15585.75195312,4485,3475.08007812
SÃO PAULO,Vargem Grande Paulista,632840.3125,44754,14140.41992188
SÃO PAULO,Cássia dos Coqueiros,39400.171875,2737,14395.38964844
RIO GRANDE DO NORTE,Baía Formosa,154971.21875,8811,17588.38085938
PERNAMBUCO,Goiana,634199.5625,74424,8521.44042969
RIO GRANDE DO SUL,Cerro Branco,54877.2421875,4673,11743.46972656
PIAUÍ,Joca Marques,15076.13085938,5614,2685.44995117
PARANÁ,São João do Caiuá,45573.4296875,6152,7407.89990234
PERNAMBUCO,Iguaraci,45478.7890625,12397,3668.5300293
RIO GRANDE DO SUL,Garruchos,218234.140625,3509,62192.69140625
MATO GROSSO,Santa Carmem,182842.890625,4573,39983.140625
BAHIA,Itapetinga,658192.25,66665,9873.12988281
MINAS GERAIS,Seritinga,13994.18945312,1818,7697.56982422
MINAS GERAIS,Taparuba,18789.33203125,3357,5597.06005859
RIO GRANDE DO NORTE,Bodó,16126.94140625,2592,6221.81005859
RIO GRANDE DO SUL,São Vendelino,28861.82617188,1891,15262.73046875
MATO GROSSO DO SUL,Angélica,133023.96875,7465,17819.68945312
PARANÁ,Santana do Itararé,45365.75,5697,7963.08984375
PERNAMBUCO,Tacaratu,70767.1484375,22231,3183.26000977
PARANÁ,Teixeira Soares,85131.5625,10548,8070.87011719
SANTA CATARINA,São Joaquim,309743.09375,25122,12329.54980469
SANTA CATARINA,Palma Sola,118605.6171875,8145,14561.76953125
MATO GROSSO,Mirassol D'Oeste,301727.3125,25605,11783.91992188
RIO GRANDE DO SUL,Capão do Leão,318006.34375,24458,13002.13964844
PARÁ,Rurópolis,107944.171875,36068,2992.80004883
MINAS GERAIS,Machacalis,37748.45703125,7069,5340.0
PIAUÍ,Sussuapara,23830.77539062,5759,4138.00976562
GOIÁS,Hidrolândia,257722.515625,14718,17510.69921875
MARANHÃO,Governador Edison Lobão,59880.09375,14921,4013.13989258
MINAS GERAIS,Consolação,10992.83691406,1750,6281.62011719
MARANHÃO,Porto Franco,211566.140625,19503,10847.87988281
BAHIA,Umburanas,48177.484375,17096,2818.06005859
PARANÁ,Carambeí,859779.375,17537,49026.6015625
MATO GROSSO,Canabrava do Norte,61282.00390625,5563,11016.0
MINAS GERAIS,Muzambinho,217759.796875,20426,10660.91015625
SÃO PAULO,Ribeirão Preto,14688064.0,563107,26083.97070312
PIAUÍ,União,192874.375,43135,4471.41015625
MINAS GERAIS,Cascalho Rico,33284.22265625,2938,11328.87011719
PARANÁ,Jaguariaíva,527268.25,33244,15860.54980469
PERNAMBUCO,Água Preta,127078.7265625,30792,4127.0
MINAS GERAIS,Lontra,29653.39257812,8332,3558.97998047
SANTA CATARINA,Cunhataí,23290.72070312,1948,11956.21972656
MINAS GERAIS,Itapecerica,155813.703125,21200,7349.70019531
MATO GROSSO,Araputanga,230694.578125,16090,14337.75976562
PARANÁ,Ibema,59509.87109375,6144,9685.84960938
BAHIA,Brejões,92945.0078125,12446,7467.85986328
RIO GRANDE DO SUL,Vale do Sol,167418.703125,11273,14851.29980469
SANTA CATARINA,Siderópolis,227415.109375,12967,17537.99023438
SANTA CATARINA,Barra Velha,322263.875,19861,16225.95996094
GOIÁS,Nova Aurora,20509.70117188,2209,9284.61035156
SANTA CATARINA,Brusque,2431683.25,102280,23774.76953125
GOIÁS,Portelândia,103158.140625,3321,31062.36914062
MINAS GERAIS,Recreio,59628.3125,10538,5658.41015625
MINAS GERAIS,Mantena,191780.390625,27580,6953.60009766
SÃO PAULO,Timburi,29524.6484375,2548,11587.37988281
MINAS GERAIS,Wenceslau Braz,16090.56835938,2571,6258.49023438
RIO GRANDE DO SUL,Três Cachoeiras,87440.0546875,11022,7933.22998047
SÃO PAULO,Vitória Brasil,17446.89453125,1662,10497.53027344
PARANÁ,Guaraniaçu,165406.515625,16161,10234.91992188
PIAUÍ,Francisco Santos,33827.109375,8315,4068.19995117
SANTA CATARINA,São José do Cedro,258714.359375,14155,18277.24023438
PIAUÍ,Jerumenha,16912.27539062,4490,3766.64990234
PERNAMBUCO,Venturosa,79114.109375,16706,4735.66992188
SANTA CATARINA,Bom Jesus,58548.26171875,2427,24123.72070312
CEARÁ,Pedra Branca,132454.375,42152,3142.30004883
MINAS GERAIS,Dores de Campos,79840.859375,9821,8129.60986328
MINAS GERAIS,Malacacheta,88030.6015625,18181,4841.89990234
TOCANTINS,Centenário,17933.32617188,2485,7216.62988281
TOCANTINS,Santa Tereza do Tocantins,16738.83203125,2390,7003.70019531
TOCANTINS,Dois Irmãos do Tocantins,57289.5703125,7254,7897.64990234
BAHIA,Coaraci,88990.53125,22274,3995.26000977
PARANÁ,Porto Vitória,35696.4375,3833,9312.91992188
MINAS GERAIS,Rio Novo,54647.140625,9300,5876.04003906
MARANHÃO,Duque Bacelar,31129.71484375,10827,2875.18994141
BAHIA,Marcionílio Souza,41508.33203125,11061,3752.66992188
BAHIA,Queimadas,95227.765625,28729,3314.68994141
RONDÔNIA,São Felipe D'Oeste,71718.96875,6412,11185.12011719
PIAUÍ,Bom Jesus,203856.984375,20511,9938.91015625
SÃO PAULO,Presidente Venceslau,432351.59375,38439,11247.73046875
MARANHÃO,Graça Aranha,23405.97070312,6470,3617.62011719
RIO GRANDE DO SUL,Tunas,48574.01953125,4551,10673.25976562
SÃO PAULO,Vargem,60099.21484375,7098,8467.05957031
PARANÁ,Arapuã,38814.890625,4017,9662.66015625
PARANÁ,Pitangueiras,36812.2421875,2822,13044.74023438
TOCANTINS,Porto Nacional,487393.9375,46722,10431.79003906
MATO GROSSO,Campo Novo do Parecis,1389985.25,23784,58442.03125
PARANÁ,Adrianópolis,67600.6328125,6856,9860.0703125
PARAÍBA,Salgadinho,12675.48339844,3518,3603.04003906
RIO GRANDE DO SUL,Lajeado do Bugre,23565.09570312,2647,8902.5703125
MATO GROSSO,Nova Monte Verde,168346.625,8602,19570.640625
TOCANTINS,Colinas do Tocantins,243218.171875,30666,7931.20019531
ALAGOAS,Olho D'Água do Casado,27759.3671875,8517,3259.29003906
BAHIA,Itabela,201399.09375,26704,7541.91015625
RIO GRANDE DO SUL,Harmonia,73449.2734375,3785,19405.359375
MINAS GERAIS,Açucena,52611.05078125,11409,4611.35986328
RIO GRANDE DO SUL,Mariano Moro,23514.30859375,2304,10205.86035156
GOIÁS,Maurilândia,98095.1015625,11604,8453.55957031
RIO GRANDE DO SUL,Sentinela do Sul,71049.21875,5598,12691.88964844
CEARÁ,Ipaumirim,42898.6640625,11999,3575.18994141
PERNAMBUCO,Lagoa do Itaenga,163927.328125,20618,7950.68994141
SÃO PAULO,Itararé,550863.0625,51412,10714.6796875
RIO GRANDE DO SUL,Sertão Santana,94106.140625,6155,15289.37988281
BAHIA,Salvador,32824228.0,2998056,10948.5
PARANÁ,Ivaiporã,324679.1875,32157,10096.69042969
CEARÁ,Barbalha,361385.09375,53011,6817.16992188
MINAS GERAIS,Várzea da Palma,602603.0625,36314,16594.23046875
SÃO PAULO,Buritizal,245243.796875,4096,59873.96875
PARANÁ,Inajá,25419.0703125,2876,8838.33984375
GOIÁS,Santa Helena de Goiás,511819.84375,36336,14085.75
SÃO PAULO,Ubatuba,843726.0625,81096,10404.04003906
CEARÁ,Aracoiaba,95183.4140625,25351,3754.62011719
PARÁ,Novo Repartimento,237766.78125,55762,4263.95996094
PARANÁ,Arapongas,1918444.875,103025,18621.16015625
RIO GRANDE DO SUL,Butiá,198340.671875,20213,9812.53027344
SÃO PAULO,Macedônia,37272.37109375,3393,10985.08007812
BAHIA,Jussiape,28544.64453125,8043,3549.0
SÃO PAULO,Emilianópolis,31979.79492188,3184,10043.91015625
PARANÁ,Virmond,39093.01953125,4181,9350.16015625
SÃO PAULO,Hortolândia,4855737.5,205856,23588.02929688
RIO GRANDE DO NORTE,Marcelino Vieira,36583.6171875,8331,4391.25976562
RIO DE JANEIRO,Nilópolis,1503782.75,159408,9433.54980469
MARANHÃO,Barão de Grajaú,73868.296875,17231,4286.93994141
PARÁ,Nova Timboteua,44749.25390625,12677,3529.95996094
ALAGOAS,Paulo Jacinto,24402.88085938,7772,3139.85009766
MINAS GERAIS,Natércia,46966.2890625,4773,9839.99023438
PIAUÍ,Antônio Almeida,22826.05273438,3267,6986.85009766
PARAÍBA,Lastro,12315.78808594,2894,4255.62988281
PIAUÍ,Santa Cruz dos Milagres,13804.08300781,3457,3993.08007812
SERGIPE,Telha,16041.54199219,2969,5403.00976562
PIAUÍ,Ipiranga do Piauí,33577.5078125,9739,3447.73999023
ESPIRITO SANTO,Guarapari,924333.0625,104534,8842.41992188
PARANÁ,Jaboti,33912.83984375,5307,6390.20996094
SÃO PAULO,Miracatu,169384.6875,23801,7116.70019531
RIO GRANDE DO SUL,Cidreira,118177.3046875,11885,9943.40039062
MINAS GERAIS,São José da Safira,18445.08789062,4069,4533.08007812
PERNAMBUCO,Cupira,92327.234375,22783,4052.45996094
GOIÁS,São Luís de Montes Belos,345585.90625,27793,12434.28027344
MINAS GERAIS,São Félix de Minas,19402.95703125,3484,5569.16015625
PIAUÍ,Santo Antônio de Lisboa,28596.89257812,5965,4794.10986328
PARANÁ,Santo Inácio,127319.7421875,4956,25690.01953125
MINAS GERAIS,Tapiraí,28785.10546875,1888,15246.34960938
ALAGOAS,Pilar,174139.0625,32655,5332.68994141
CEARÁ,Missão Velha,136965.046875,35135,3898.25
ALAGOAS,Cacimbinhas,39280.7421875,10182,3857.86010742
ALAGOAS,Jacuípe,29361.71679688,7045,4167.74023438
RIO GRANDE DO SUL,Planalto,93892.3671875,10734,8747.19042969
MARANHÃO,Presidente Juscelino,38451.5703125,12382,3105.43994141
GOIÁS,Santa Cruz de Goiás,59210.90625,3680,16089.91992188
SÃO PAULO,Dolcinópolis,21796.19726562,2272,9593.40039062
RIO GRANDE DO NORTE,Lagoa D'Anta,28359.14257812,6164,4600.77001953
PERNAMBUCO,Tuparetama,36445.796875,8678,4199.79003906
RIO DE JANEIRO,Petrópolis,5831205.0,315119,18504.76953125
PERNAMBUCO,Camaragibe,618538.0625,143210,4319.10009766
GOIÁS,Gameleira de Goiás,77272.7734375,3582,21572.51953125
GOIÁS,Aragarças,88645.015625,17883,4956.93994141
SÃO PAULO,Lavrinhas,58571.69140625,7002,8364.99023438
GOIÁS,Arenópolis,35280.58203125,3481,10135.19042969
RIO GRANDE DO SUL,Capitão,31977.71875,2694,11869.98046875
MINAS GERAIS,Vargem Grande do Rio Pardo,21605.60546875,4924,4387.81982422
SÃO PAULO,Santos,22546134.0,417098,54054.76171875
MARANHÃO,Bacabeira,95500.625,15574,6132.06005859
PIAUÍ,Novo Santo Antônio,11483.71191406,3547,3237.58007812
SÃO PAULO,Itaí,343309.71875,24093,14249.36035156
CEARÁ,Guaramiranga,25825.7578125,4070,6345.39990234
BAHIA,Lençóis,52895.79296875,10112,5230.99023438
BAHIA,Aramari,36618.66796875,9911,3694.75
ESPIRITO SANTO,Ibitirama,62844.390625,9238,6802.81005859
MINAS GERAIS,Careaçu,56834.83203125,6286,9041.49023438
SÃO PAULO,Ibaté,349127.375,29714,11749.58984375
BAHIA,Ilhéus,1925639.875,219266,8782.20996094
MINAS GERAIS,São Lourenço,370494.4375,42688,8679.12011719
PERNAMBUCO,Araripina,342256.96875,79877,4284.79980469
MINAS GERAIS,Chapada Gaúcha,72452.359375,11368,6373.35986328
MATO GROSSO,Cotriguaçu,135221.484375,14965,9035.84960938
MINAS GERAIS,Vermelho Novo,25643.0078125,4698,5458.27978516
RIO GRANDE DO SUL,Veranópolis,639887.625,26121,24497.06054688
BAHIA,Antônio Gonçalves,33189.3984375,11240,2952.79003906
RIO GRANDE DO NORTE,José da Penha,27978.04296875,6177,4529.39013672
SÃO PAULO,Panorama,123048.6171875,14577,8441.29003906
SÃO PAULO,Águas de Santa Bárbara,101069.890625,5612,18009.59960938
RIO GRANDE DO SUL,Eugênio de Castro,79817.078125,3083,25889.41992188
GOIÁS,Buritinópolis,15364.06640625,3573,4300.04980469
ESPIRITO SANTO,Atilio Vivacqua,98105.6171875,9361,10480.25
MATO GROSSO DO SUL,Camapuã,231829.265625,13532,17131.9296875
SÃO PAULO,Barra do Chapéu,33205.44921875,5358,6197.35986328
CEARÁ,Solonópole,85114.359375,18025,4722.02001953
MARANHÃO,Governador Eugênio Barros,51424.3125,16503,3116.06005859
SANTA CATARINA,Santa Terezinha do Progresso,38022.19921875,3062,12417.44042969
BAHIA,Abaíra,29147.60742188,8821,3304.34008789
MINAS GERAIS,São João do Oriente,47056.51171875,8128,5789.43017578
SANTA CATARINA,Balneário Piçarras,237103.515625,14845,15971.94042969
GOIÁS,Paraúna,259728.625,11319,22946.25
CEARÁ,Crato,726944.0625,116759,6226.02001953
ALAGOAS,Minador do Negrão,22713.8515625,5292,4292.10986328
BAHIA,Souto Soares,53800.0703125,19407,2772.19995117
PARÁ,Sapucaia,43872.1953125,5609,7821.75
SANTA CATARINA,Planalto Alegre,29832.25390625,2767,10781.44042969
CEARÁ,Granjeiro,19908.97460938,4999,3982.59008789
PARAÍBA,Ingá,74695.015625,18784,3976.52001953
PARANÁ,Douradina,205852.890625,6853,30038.359375
ALAGOAS,Anadia,72170.7265625,17740,4068.25
RIO DE JANEIRO,São Fidélis,381657.59375,39256,9722.26953125
RIO GRANDE DO SUL,Portão,609619.625,30802,19791.56054688
GOIÁS,Americano do Brasil,59193.86328125,4795,12344.91015625
GOIÁS,Taquaral de Goiás,31021.49609375,3471,8937.33984375
RIO GRANDE DO NORTE,Areia Branca,352249.375,25394,13871.36035156
TOCANTINS,Presidente Kennedy,56594.68359375,3784,14956.30957031
RONDÔNIA,Pimenta Bueno,513631.90625,33984,15113.9296875
SANTA CATARINA,Petrolândia,102293.9765625,6188,16531.01953125
RIO DE JANEIRO,Areal,196890.15625,11982,16432.16015625
ALAGOAS,Senador Rui Palmeira,35231.92578125,13110,2687.40991211
RIO GRANDE DO SUL,Água Santa,79701.8515625,3619,22023.16992188
BAHIA,Barro Alto,41433.265625,14172,2923.60009766
BAHIA,Ibipitanga,43890.1875,14408,3046.23999023
SÃO PAULO,Jandira,1409889.375,112130,12573.70019531
PIAUÍ,São Raimundo Nonato,155153.0625,32215,4816.16992188
RIO GRANDE DO NORTE,Pendências,104648.15625,13034,8028.85986328
RIO GRANDE DO SUL,Formigueiro,95122.9375,7214,13185.87988281
RIO DE JANEIRO,Natividade,187612.1875,15406,12177.87011719
GOIÁS,Córrego do Ouro,29560.24023438,2632,11231.08984375
GOIÁS,Ivolândia,30326.5546875,2738,11076.16992188
SANTA CATARINA,Witmarsum,57898.19921875,3584,16154.62988281
MINAS GERAIS,Guapé,110514.640625,13475,8201.45996094
TOCANTINS,São Valério,46077.2265625,5017,9184.21972656
SÃO PAULO,São José do Barreiro,31528.9453125,4490,7022.04003906
SÃO PAULO,Rio Grande da Serra,421630.78125,41602,10134.87011719
BAHIA,Canudos,53531.296875,15366,3483.75
BAHIA,João Dourado,97669.578125,21990,4441.54980469
PARANÁ,Pérola,102002.0546875,9665,10553.75976562
CEARÁ,Cariús,58676.28125,19338,3034.25
SÃO PAULO,Areiópolis,88476.9921875,11157,7930.18017578
MARANHÃO,Itinga do Maranhão,137673.25,26125,5269.79003906
ALAGOAS,Pariconha,32510.77148438,10539,3084.81005859
TOCANTINS,Miracema do Tocantins,560943.5625,19740,28416.59960938
MINAS GERAIS,Sardoá,23739.77929688,5477,4334.45019531
RIO GRANDE DO SUL,Putinga,65779.6953125,4242,15506.75976562
RIO GRANDE DO SUL,Nova Palma,130462.4375,6693,19492.36914062
SERGIPE,Poço Verde,98134.265625,21882,4484.70019531
MINAS GERAIS,Campo Azul,20342.54492188,4020,5060.33007812
RIO GRANDE DO NORTE,Lagoa Salgada,31882.97070312,7449,4280.16992188
GOIÁS,Turvelândia,175399.21875,4068,43116.8203125
ESPIRITO SANTO,Divino de São Lourenço,34397.96875,5011,6864.49023438
PARÁ,Tucuruí,2170090.0,96010,22602.75
MATO GROSSO DO SUL,Caracol,74384.765625,5320,13982.09960938
GOIÁS,São Francisco de Goiás,38083.13671875,5823,6540.12011719
SERGIPE,Itabaiana,665967.625,86564,7693.35986328
BAHIA,Cristópolis,47487.671875,14279,3325.69995117
CEARÁ,Jaguaretama,82730.8359375,18411,4493.54980469
RIO DE JANEIRO,São João de Meriti,4000292.25,469827,8514.38964844
BAHIA,Ribeira do Pombal,244964.375,49263,4972.58007812
TOCANTINS,Filadélfia,58334.25390625,7978,7311.89013672
RIO GRANDE DO SUL,Capela de Santana,89798.734375,11617,7729.93994141
RIO GRANDE DO SUL,Restinga Seca,227745.25,15885,14337.12988281
PIAUÍ,São Miguel do Tapuio,56574.91015625,19831,2852.85009766
SÃO PAULO,Marinópolis,26659.51367188,2158,12353.80957031
RIO GRANDE DO SUL,Itati,17316.42773438,2720,6366.33007812
RIO GRANDE DO SUL,Rio dos Índios,41633.12109375,4192,9931.5703125
MARANHÃO,São Luís Gonzaga do Maranhão,96742.3984375,19877,4867.04980469
TOCANTINS,Almas,40679.22265625,7605,5349.00976562
PIAUÍ,Campo Alegre do Fidalgo,13968.11035156,4647,3005.83007812
MINAS GERAIS,Nova Porteirinha,64863.109375,7597,8537.99023438
MARANHÃO,São Pedro da Água Branca,65256.91796875,11481,5683.91015625
MINAS GERAIS,Juiz de Fora,7423138.0,526706,14093.50976562
SANTA CATARINA,Major Vieira,126102.9140625,7675,16430.34960938
PARAÍBA,São Francisco,14183.72070312,3544,4002.17993164
SÃO PAULO,Mococa,1053969.625,68718,15337.61035156
BAHIA,Retirolândia,54673.390625,11798,4634.12011719
RONDÔNIA,Monte Negro,145329.3125,12708,11436.04980469
RIO GRANDE DO SUL,Bagé,1165896.5,115745,10072.98046875
PARANÁ,Mandaguari,427174.375,33109,12902.05957031
MATO GROSSO DO SUL,Aparecida do Taboado,349331.9375,20623,16938.94921875
CEARÁ,Reriutaba,70465.125,19444,3624.0
PIAUÍ,João Costa,11626.99414062,3315,3507.38989258
BAHIA,Caldeirão Grande,43519.43359375,13922,3125.94995117
PARÁ,Cachoeira do Piriá,47205.38671875,18777,2514.0
PARANÁ,Itaguajé,38368.25390625,4589,8360.91992188
MINAS GERAIS,Bueno Brandão,95530.296875,11212,8520.36035156
GOIÁS,Uruana,125436.234375,14115,8886.73046875
MINAS GERAIS,Carmo do Rio Claro,202915.625,20070,10110.40039062
RIO GRANDE DO NORTE,Carnaubais,54461.640625,9712,5607.66015625
MINAS GERAIS,Varzelândia,78314.7890625,19771,3961.09008789
RONDÔNIA,Colorado do Oeste,212184.0,17822,11905.73046875
PARAÍBA,Picuí,78050.453125,19359,4031.73999023
RIO GRANDE DO SUL,Erval Seco,92426.96875,8196,11277.08007812
PARANÁ,Pato Bragado,54275.8828125,4947,10971.46972656
MINAS GERAIS,Silvianópolis,61481.84765625,6261,9819.80957031
SÃO PAULO,Buri,246487.109375,18146,13583.54980469
RIO GRANDE DO NORTE,Janduís,25795.89648438,5562,4637.87988281
CEARÁ,Milagres,104356.4375,28077,3716.79003906
GOIÁS,Mimoso de Goiás,29721.85351562,2941,10106.04003906
SANTA CATARINA,Águas Frias,56920.30078125,2641,21552.56054688
MARANHÃO,Governador Nunes Freire,82837.78125,24520,3378.37988281
PIAUÍ,Caxingó,19456.99414062,5270,3692.0300293
RIO DE JANEIRO,Comendador Levy Gasparian,150088.640625,8839,16980.26953125
PARANÁ,Guaíra,327709.34375,29664,11047.37988281
BAHIA,Santana,116221.203125,27259,4263.58984375
MINAS GERAIS,Mercês,54027.89453125,10902,4955.77978516
SÃO PAULO,Joanópolis,133914.796875,11169,11989.86035156
RIO DE JANEIRO,Sumidouro,206854.375,15313,13508.41992188
MINAS GERAIS,Morada Nova de Minas,76796.5234375,8750,8776.75
SANTA CATARINA,Modelo,48248.37109375,3862,12493.11035156
SÃO PAULO,Presidente Bernardes,147201.09375,15382,9569.70019531
BAHIA,Santo Amaro,307409.65625,58387,5265.04003906
PIAUÍ,Canavieira,14949.34375,4093,3652.41992188
RIO GRANDE DO SUL,Catuípe,153886.890625,9611,16011.54003906
MARANHÃO,São João do Soter,46917.0703125,17326,2707.89990234
PIAUÍ,Demerval Lobão,35422.94140625,13232,2677.07006836
ACRE,Manoel Urbano,61478.73046875,7505,8191.70019531
GOIÁS,Ipameri,455039.1875,24021,18943.390625
RIO GRANDE DO SUL,Palmares do Sul,176851.203125,11998,14740.05957031
SERGIPE,São Domingos,49973.58984375,10555,4734.58984375
SÃO PAULO,Anhumas,37064.9296875,3947,9390.66015625
TOCANTINS,Santa Rita do Tocantins,32751.5625,2377,13778.53027344
AMAZONAS,Rio Preto da Eva,216235.546875,26847,8054.37011719
SERGIPE,Japoatã,77486.8359375,14027,5524.12011719
PARÁ,Capitão Poço,160230.15625,52797,3034.83007812
RIO GRANDE DO SUL,Lagoa Vermelha,408302.03125,28236,14460.33984375
SÃO PAULO,Braúna,40781.84375,5043,8086.81982422
PARÁ,Prainha,109358.3515625,26570,4115.85986328
PARAÍBA,Rio Tinto,135686.15625,23788,5703.97021484
MINAS GERAIS,Nova Belém,27054.96875,3532,7659.95996094
SERGIPE,Santo Amaro das Brotas,67334.578125,12140,5546.50976562
PARANÁ,Cruzeiro do Iguaçu,41468.546875,4225,9815.04003906
MARANHÃO,Igarapé Grande,44660.359375,11121,4015.86010742
RIO GRANDE DO SUL,São Paulo das Missões,76172.8046875,6767,11256.50976562
RIO GRANDE DO SUL,Colinas,28712.453125,2470,11624.46972656
RIO DE JANEIRO,Laje do Muriaé,75228.75,7997,9407.12011719
MINAS GERAIS,Nazareno,90727.484375,8096,11206.45996094
PERNAMBUCO,Águas Belas,151340.671875,39672,3814.80004883
SÃO PAULO,Santa Cruz da Esperança,31603.69140625,1733,18236.41015625
PERNAMBUCO,Tamandaré,112841.03125,18999,5939.31005859
MINAS GERAIS,Coronel Xavier Chaves,26762.91796875,3303,8102.60986328
PERNAMBUCO,Santa Maria da Boa Vista,234438.703125,41745,5615.97021484
RIO GRANDE DO SUL,Sério,26267.9765625,2387,11004.59960938
MINAS GERAIS,Desterro do Melo,20436.48242188,3302,6189.12011719
SANTA CATARINA,Chapadão do Lageado,47381.171875,2882,16440.38085938
ALAGOAS,Mata Grande,70679.9765625,25309,2792.67993164
PARÁ,Monte Alegre,253144.65625,63941,3959.04003906
MINAS GERAIS,Guimarânia,77487.75,7322,10582.87011719
PIAUÍ,Esperantina,133921.484375,37520,3569.34008789
MATO GROSSO DO SUL,Ponta Porã,821485.875,75941,10817.41992188
PARÁ,Palestina do Pará,30205.0859375,7301,4137.12011719
MARANHÃO,Santana do Maranhão,37810.55078125,11170,3385.01000977
TOCANTINS,Luzinópolis,16670.63671875,2959,5633.87011719
RIO GRANDE DO SUL,Triunfo,5378394.5,25374,211964.796875
MINAS GERAIS,Caranaíba,17252.89257812,3553,4855.87011719
GOIÁS,Posse,189625.765625,31257,6066.66992188
MARANHÃO,Maranhãozinho,56887.16796875,12684,4484.95019531
TOCANTINS,Esperantina,39419.8515625,8445,4667.83007812
ALAGOAS,Messias,62115.51171875,15899,3906.87988281
CEARÁ,Nova Russas,120630.0703125,32016,3767.81005859
PARANÁ,Chopinzinho,249832.0,19517,12800.74023438
BAHIA,Irará,126903.78125,25811,4916.64990234
SÃO PAULO,Ouroeste,565069.375,7598,74370.8125
PARÁ,Bom Jesus do Tocantins,63053.15234375,13593,4638.64990234
CEARÁ,Cariré,64836.63671875,19132,3388.90991211
PARAÍBA,Bom Jesus,9674.91992188,2305,4197.35986328
CEARÁ,Itapipoca,530908.0625,114441,4639.14013672
PARANÁ,Porto Amazonas,50780.390625,4348,11679.01953125
SANTA CATARINA,Passo de Torres,51858.28125,5690,9113.9296875
TOCANTINS,Pequizeiro,39278.328125,4971,7901.49023438
MINAS GERAIS,Rodeiro,83837.4140625,6589,12723.83984375
MINAS GERAIS,Paraisópolis,275498.9375,18844,14619.98046875
MARANHÃO,São Pedro dos Crentes,27159.71875,4144,6553.99023438
MINAS GERAIS,Rochedo de Minas,16518.8828125,2137,7729.93994141
SANTA CATARINA,Major Gercino,35983.98046875,2869,12542.33984375
BAHIA,Ibirataia,104637.359375,24544,4263.25976562
PARANÁ,Astorga,252335.984375,25164,10027.66015625
RIO DE JANEIRO,Rio de Janeiro,175739344.0,6186710,28405.94921875
PIAUÍ,Oeiras,152384.3125,36293,4198.72021484
SÃO PAULO,Monte Mor,1123404.75,46641,24086.2109375
RIO GRANDE DO SUL,Panambi,782521.625,38794,20171.19921875
MINAS GERAIS,Engenheiro Navarro,36794.828125,7315,5030.04980469
PIAUÍ,Curral Novo do Piauí,14465.60644531,5119,2825.87011719
BAHIA,Xique-Xique,183536.203125,47470,3866.36010742
RIO GRANDE DO SUL,Coronel Barros,42935.8203125,2522,17024.50976562
GOIÁS,Hidrolina,34949.49609375,4195,8331.23046875
MARANHÃO,Peritoró,55433.60546875,19817,2797.2800293
PIAUÍ,Lagoa de São Francisco,17828.19921875,6796,2623.34008789
PARANÁ,Campo Magro,176644.953125,23607,7482.74023438
MINAS GERAIS,Raul Soares,150141.8125,24606,6101.83984375
MATO GROSSO,Paranaíta,139865.96875,12113,11546.76953125
MINAS GERAIS,Pescador,26321.71875,4197,6271.56005859
AMAZONAS,Coari,1103350.125,66991,16470.11914062
PERNAMBUCO,Paulista,1839665.75,319373,5760.24023438
ESPIRITO SANTO,Linhares,2314608.25,132664,17447.15039062
RIO GRANDE DO SUL,Maratá,41028.81640625,2542,16140.37011719
RIO GRANDE DO SUL,Itatiba do Sul,41907.8359375,4521,9269.58984375
RIO GRANDE DO NORTE,Monte Alegre,93939.8125,21448,4379.89013672
PARANÁ,Rondon,168663.46875,9465,17819.69921875
SERGIPE,Canhoba,21683.1015625,4025,5387.10986328
SÃO PAULO,São Bento do Sapucaí,91414.5625,10966,8336.1796875
MINAS GERAIS,Cabeceira Grande,130424.5234375,6600,19761.2890625
PARANÁ,Lobato,131726.28125,4405,29903.81054688
PIAUÍ,Flores do Piauí,16121.22167969,4615,3493.2199707
RIO GRANDE DO SUL,Eldorado do Sul,651200.6875,33668,19341.83007812
SANTA CATARINA,Ascurra,89889.0078125,6945,12942.98046875
RIO GRANDE DO SUL,São José do Herval,23923.03320312,2549,9385.25976562
PIAUÍ,Tanque do Piauí,12196.9140625,2714,4494.06982422
PARAÍBA,Malta,22847.53320312,5800,3939.22998047
MATO GROSSO,Ipiranga do Norte,343376.0,4641,73987.5078125
CEARÁ,Granja,164077.84375,53952,3041.17993164
MINAS GERAIS,Senhora de Oliveira,30052.00976562,5873,5116.97998047
RIO GRANDE DO SUL,Redentora,69031.109375,10170,6787.72021484
MINAS GERAIS,Presidente Olegário,244568.890625,18989,12879.5
ESPIRITO SANTO,São Domingos do Norte,88457.796875,8205,10780.95996094
MATO GROSSO,Lucas do Rio Verde,1809788.125,33556,53933.37109375
PIAUÍ,São Miguel da Baixa Grande,7714.59814453,2153,3583.18994141
ALAGOAS,Taquarana,67490.1875,18848,3580.76000977
PARANÁ,Janiópolis,80220.6484375,6983,11487.99023438
BAHIA,Rio de Contas,55162.2109375,13816,3992.62988281
RONDÔNIA,Ji-Paraná,1401586.375,111010,12625.76953125
CEARÁ,Martinópole,30235.43359375,11118,2719.5
GOIÁS,Aparecida de Goiânia,4601373.0,510770,9008.70019531
SÃO PAULO,Limeira,5752286.0,281583,20428.38085938
SANTA CATARINA,Porto União,281775.84375,33408,8434.37988281
BAHIA,Camacan,147744.5625,31113,4748.64013672
MINAS GERAIS,Heliodora,56588.3671875,6295,8989.41992188
SÃO PAULO,Socorro,400702.0625,34447,11632.41992188
TOCANTINS,Xambioá,117627.1328125,11099,10597.99023438
ESPIRITO SANTO,Águia Branca,94435.375,9503,9937.4296875
RIO GRANDE DO SUL,Três de Maio,417949.59375,23893,17492.55078125
RIO GRANDE DO SUL,Colorado,92533.3671875,3771,24538.15039062
BAHIA,Nova Soure,79305.59375,26874,2951.02001953
MATO GROSSO DO SUL,Amambai,355782.875,34986,10169.29003906
BAHIA,Canápolis,32292.515625,11136,2899.83007812
TOCANTINS,Divinópolis do Tocantins,49289.7421875,6623,7442.20996094
PARANÁ,Farol,60915.0390625,3354,18161.91015625
AMAPÁ,Itaubal,32050.08203125,3650,8780.83984375
SÃO PAULO,Rio Claro,4522812.5,191886,23570.31054688
PARANÁ,Rebouças,100907.65625,14637,6894.00976562
MATO GROSSO,Nova Olímpia,231758.859375,20944,11065.63964844
BAHIA,Saubara,58806.34765625,11632,5055.56982422
BAHIA,Contendas do Sincorá,18747.91796875,3886,4824.47998047
MINAS GERAIS,Cordisburgo,64878.32421875,9465,6854.54980469
SÃO PAULO,Bofete,116283.3046875,9375,12403.54980469
PARANÁ,Guaratuba,301245.90625,32806,9182.65039062
BAHIA,Morpará,34771.55859375,8871,3919.68994141
BAHIA,Pau Brasil,41465.12109375,12342,3359.67993164
BAHIA,São Desidério,981035.875,27513,35657.1796875
MINAS GERAIS,Guanhães,258099.421875,30638,8424.16015625
SÃO PAULO,Tupã,926208.5,64098,14449.87988281
MINAS GERAIS,Gouveia,77429.0859375,11927,6491.91992188
MINAS GERAIS,Itanhandu,181915.40625,15253,11926.53027344
BAHIA,Aurelino Leal,57520.3515625,14280,4028.04003906
PARANÁ,Rio Branco do Ivaí,42996.23828125,4006,10732.95996094
SÃO PAULO,Cerqueira César,242703.625,17337,13999.16992188
CEARÁ,Hidrolândia,76112.5234375,19252,3953.48999023
MATO GROSSO,Vera,234282.15625,9502,24656.08984375
PARÁ,Mãe do Rio,144473.65625,29087,4966.95019531
MINAS GERAIS,Novo Cruzeiro,112729.171875,31319,3599.38989258
PARAÍBA,Caiçara,30622.7109375,7535,4064.06005859
PIAUÍ,Juazeiro do Piauí,17748.00585938,4941,3591.98999023
RIO GRANDE DO NORTE,Upanema,81584.1875,13334,6118.50976562
SÃO PAULO,Cruzeiro,1022254.625,79957,12785.05957031
MINAS GERAIS,Pará de Minas,1348007.875,84264,15997.44042969
BAHIA,Conde,88530.46875,23166,3821.57006836
SÃO PAULO,Sandovalina,224719.375,3387,66347.6171875
SÃO PAULO,Fartura,162512.703125,14969,10856.62011719
ALAGOAS,Teotônio Vilela,186967.0625,41935,4458.5
MINAS GERAIS,São Tiago,69510.375,10645,6529.85986328
SANTA CATARINA,Schroeder,185846.4375,14000,13274.75
MINAS GERAIS,Cruzeiro da Fortaleza,47836.796875,3897,12275.29003906
RIO GRANDE DO SUL,Nova Petrópolis,343135.90625,18631,18417.47070312
RIO GRANDE DO SUL,Viamão,1838203.875,260740,7049.95019531
ALAGOAS,Canapi,53345.25390625,18397,2899.66992188
PARANÁ,Indianópolis,125971.8359375,4258,29584.74023438
SÃO PAULO,Pirassununga,1306196.375,71470,18276.15039062
TOCANTINS,Dueré,69654.3359375,4618,15083.23046875
TOCANTINS,Recursolândia,22405.10351562,3839,5836.18017578
BAHIA,Belmonte,136881.390625,22553,6069.31982422
MINAS GERAIS,Ingaí,33600.8828125,2580,13023.59960938
SÃO PAULO,Lavínia,98269.296875,9445,10404.37011719
RONDÔNIA,Vilhena,1187763.5,69866,17000.58984375
MARANHÃO,Milagres do Maranhão,34294.28515625,7854,4366.47021484
BAHIA,Pojuca,688526.25,32225,21366.2109375
AMAPÁ,Pracuúba,32157.5078125,3658,8791.00976562
SERGIPE,Macambira,29790.82617188,6554,4545.43994141
RIO GRANDE DO SUL,Novo Barreiro,42512.2578125,3989,10657.37011719
SERGIPE,Campo do Brito,83699.1015625,16745,4998.45019531
MINAS GERAIS,Munhoz,53477.828125,6419,8331.1796875
TOCANTINS,Pau D'arco,36173.8828125,4964,7287.24023438
SÃO PAULO,Pedra Bela,52908.13671875,6142,8614.15039062
SÃO PAULO,Botucatu,2317107.75,130348,17776.3203125
PERNAMBUCO,Capoeiras,82538.9375,19936,4140.20019531
MINAS GERAIS,Serranos,15636.30761719,2130,7340.99023438
BAHIA,Banzaê,36750.9375,11157,3293.97998047
SÃO PAULO,Guararema,429408.71875,26974,15919.36035156
PARAÍBA,Brejo dos Santos,23582.4609375,5899,3997.69995117
SÃO PAULO,Flora Rica,31833.52148438,2029,15689.26953125
GOIÁS,São Simão,1256673.375,14373,87432.921875
MINAS GERAIS,Monjolos,19219.6640625,2311,8316.59960938
MARANHÃO,Nina Rodrigues,33562.359375,10527,3188.2199707
SÃO PAULO,Santo Antônio de Posse,314125.59375,21247,14784.46972656
ESPIRITO SANTO,Marilândia,102197.3515625,10676,9572.62988281
RIO GRANDE DO SUL,Pinhal Grande,121017.078125,4581,26417.16992188
RIO GRANDE DO SUL,Nova Santa Rita,387144.1875,22818,16966.609375
BAHIA,Ituberá,132642.828125,24169,5488.14013672
SÃO PAULO,Lucianópolis,27770.9140625,2443,11367.54980469
MARANHÃO,Colinas,132661.1875,36787,3606.19995117
MINAS GERAIS,Quartel Geral,37022.59375,3353,11041.62988281
MATO GROSSO DO SUL,Sidrolândia,568997.6875,41261,13790.20996094
PARAÍBA,Montadas,19880.31054688,4750,4185.33007812
MINAS GERAIS,Goiabeira,18610.78320312,3239,5745.83984375
SÃO PAULO,Santa Bárbara d'Oeste,3115531.0,189573,16434.47070312
PIAUÍ,Landri Sales,27500.9921875,5753,4780.29003906
TOCANTINS,Itapiratins,37919.55078125,3543,10702.66992188
PIAUÍ,Isaías Coelho,25114.17578125,8043,3122.48999023
CEARÁ,Horizonte,1067819.0,54362,19642.75
MATO GROSSO,Nobres,218158.0625,15315,14244.73046875
MINAS GERAIS,Jaboticatubas,94075.4296875,16513,5697.04980469
CEARÁ,Pacajus,464257.5,59689,7777.93994141
MINAS GERAIS,Divinolândia de Minas,31904.875,7023,4542.91015625
MINAS GERAIS,Delfim Moreira,44194.08984375,8047,5492.0
CEARÁ,Ibiapina,129953.6171875,24125,5386.68017578
PARANÁ,Maringá,7284400.5,335511,21711.359375
MINAS GERAIS,São Gonçalo do Rio Preto,16782.6171875,3269,5133.87011719
BAHIA,Eunápolis,1228962.0,99553,12344.79980469
PIAUÍ,Massapê do Piauí,17572.79296875,6672,2633.81005859
ACRE,Tarauacá,258505.0625,33883,7629.33984375
SANTA CATARINA,Guaramirim,1326661.625,31910,41575.109375
PARÁ,São Félix do Xingu,373894.5,67208,5563.24023438
PARANÁ,Colombo,1866142.625,247268,7547.04003906
AMAZONAS,Apuí,146993.34375,18597,7904.14013672
SANTA CATARINA,Presidente Nereu,34406.22265625,2324,14804.74023438
RIO GRANDE DO SUL,Candiota,246858.09375,8576,28784.75976562
MARANHÃO,Belágua,26266.54492188,5953,4412.31982422
PARANÁ,Contenda,147587.84375,15728,9383.75976562
PARANÁ,Nova América da Colina,46741.29296875,3331,14032.20996094
SÃO PAULO,Itirapina,170254.15625,14829,11481.16015625
MINAS GERAIS,Frei Gaspar,35063.94140625,6649,5273.56982422
RONDÔNIA,Alto Alegre dos Parecis,160794.796875,11875,13540.61035156
GOIÁS,Caldas Novas,790987.125,67588,11703.0703125
MINAS GERAIS,Marilac,25136.25195312,4394,5720.58984375
PARAÍBA,Santana dos Garrotes,29104.87109375,7817,3723.2800293
MINAS GERAIS,Funilândia,27009.6640625,3852,7011.85009766
GOIÁS,São Luíz do Norte,51386.2734375,4456,11531.9296875
ESPIRITO SANTO,Jaguaré,330817.40625,23472,14094.12988281
RIO GRANDE DO SUL,Estação,111788.109375,6253,17877.51953125
MATO GROSSO,Campo Verde,1152314.875,28147,40939.171875
RIO GRANDE DO NORTE,Itajá,34752.63671875,6629,5242.52001953
MINAS GERAIS,Três Corações,1344211.5,75776,17739.27929688
RIO GRANDE DO SUL,Lagoa Bonita do Sul,40239.54296875,2759,14584.83007812
ACRE,Mâncio Lima,103294.7421875,14774,6991.66015625
BAHIA,Manoel Vitorino,49992.703125,14138,3536.05004883
SÃO PAULO,Guaraçaí,96547.890625,8657,11152.58007812
PARÁ,Curuçá,106017.2265625,36748,2884.97998047
RIO GRANDE DO SUL,Boa Vista do Incra,73120.8984375,2583,28308.51953125
CEARÁ,Choró,42342.9296875,13439,3150.75
PIAUÍ,Várzea Grande,14614.19238281,4560,3204.87011719
RIO GRANDE DO SUL,Ametista do Sul,53460.91015625,8538,6261.52978516
SÃO PAULO,Luís Antônio,613366.0,11924,51439.62109375
GOIÁS,Santa Fé de Goiás,105659.59375,4882,21642.68945312
MATO GROSSO,Araguaiana,51094.03125,2996,17054.08007812
RIO GRANDE DO SUL,Mata,50877.265625,5386,9446.20996094
PARANÁ,Saudade do Iguaçu,326671.84375,5187,62978.9609375
PARAÍBA,Sapé,242950.71875,47682,5095.22998047
ALAGOAS,Olho D'Água Grande,16447.203125,4963,3313.95996094
TOCANTINS,Araguaína,1582446.875,119637,13227.0703125
PARANÁ,Sertanópolis,281340.8125,16103,17471.33007812
ESPIRITO SANTO,Água Doce do Norte,90734.359375,12091,7504.29003906
MARANHÃO,Matões,80207.625,29386,2729.44995117
SÃO PAULO,São Bernardo do Campo,28935768.0,810979,35680.05078125
RIO GRANDE DO SUL,Porto Alegre,37787912.0,1436123,26312.44921875
RIO GRANDE DO SUL,Ubiretama,35365.5703125,2451,14429.04003906
SANTA CATARINA,Apiúna,226588.625,10996,20606.4609375
ALAGOAS,Branquinha,42036.96875,12215,3441.41992188
RIO GRANDE DO SUL,Ibiaçá,86526.078125,4796,18041.30078125
RIO GRANDE DO SUL,Gaurama,95305.984375,6232,15293.0
MINAS GERAIS,Itaipé,52865.796875,12072,4379.20996094
TOCANTINS,Chapada de Areia,11322.53808594,1273,8894.37011719
SÃO PAULO,Santo Antônio do Aracanguá,191874.171875,7335,26158.72070312
RIO GRANDE DO SUL,São Leopoldo,3302153.0,211663,15600.99023438
PERNAMBUCO,São José do Belmonte,121956.0546875,34118,3574.54003906
MINAS GERAIS,Mendes Pimentel,36886.0078125,6684,5518.54980469
CEARÁ,Deputado Irapuan Pinheiro,33583.828125,9615,3492.86010742
MINAS GERAIS,São João do Manteninha,29055.21289062,5132,5661.58007812
PARAÍBA,Juripiranga,49805.71875,10605,4696.43994141
SÃO PAULO,Tietê,785465.8125,36211,21691.359375
RIO GRANDE DO SUL,Canoas,16444476.0,332056,49523.19921875
BAHIA,Santo Estêvão,264766.96875,46855,5650.77001953
CEARÁ,Croatá,71450.75,18246,3915.9699707
MINAS GERAIS,Arcos,482077.875,36455,13223.91992188
SÃO PAULO,Amparo,1783702.875,65928,27055.3203125
SÃO PAULO,Piracaia,241701.421875,22740,10628.91015625
PARAÍBA,Arara,44775.48046875,12804,3496.98999023
MARANHÃO,Santo Amaro do Maranhão,30778.828125,11693,2632.23999023
MINAS GERAIS,Iraí de Minas,94414.4609375,6605,14294.38964844
PIAUÍ,Itaueira,46700.63671875,10904,4282.89013672
CEARÁ,Lavras da Mangabeira,105865.5078125,30524,3468.27001953
MINAS GERAIS,Mesquita,27821.90820312,6641,4189.41992188
PARANÁ,Congonhinhas,77596.3203125,9035,8588.41015625
RIO GRANDE DO SUL,Três Forquilhas,26717.39453125,3128,8541.37011719
MINAS GERAIS,São José da Varginha,49623.1796875,4070,12192.4296875
MARANHÃO,Miranda do Norte,63276.82421875,18494,3421.47998047
SANTA CATARINA,São José,4193678.75,201746,20786.91992188
MINAS GERAIS,União de Minas,90277.6328125,4735,19066.02929688
PARANÁ,Siqueira Campos,160973.765625,17411,9245.51953125
SÃO PAULO,Indiana,37543.671875,4751,7902.27001953
PARÁ,Anapu,77226.921875,20421,3781.73999023
PARÁ,Ponta de Pedras,76088.96875,26445,2877.25
SANTA CATARINA,São Cristovão do Sul,62822.234375,5087,12349.55957031
BAHIA,Novo Horizonte,37422.05078125,11092,3373.79003906
BAHIA,Dom Macedo Costa,16689.80078125,3951,4224.20019531
SANTA CATARINA,Camboriú,445473.53125,57793,7708.08984375
SANTA CATARINA,Içara,949617.0625,57103,16629.90039062
BAHIA,Ponto Novo,59006.53125,14734,4004.79003906
PARANÁ,Lapa,594210.5625,42933,13840.41992188
RIO GRANDE DO SUL,Barão do Triunfo,70817.5625,7246,9773.33007812
PERNAMBUCO,Belo Jardim,698774.375,74028,9439.33007812
SÃO PAULO,Santo André,14709603.0,673396,21843.91015625
BAHIA,Botuporã,37949.63671875,11048,3434.97998047
MINAS GERAIS,Pedra Dourada,14989.85351562,2241,6688.91015625
MINAS GERAIS,Taquaraçu de Minas,28968.6796875,3950,7333.83984375
PERNAMBUCO,Sairé,61301.90234375,14194,4318.85986328
MINAS GERAIS,Fernandes Tourinho,18352.87109375,2713,6764.79003906
PARANÁ,Diamante D'Oeste,43355.59765625,5129,8453.03027344
BAHIA,Santa Maria da Vitória,183714.421875,41758,4399.5
MINAS GERAIS,Ataléia,84267.8125,15162,5557.83007812
CEARÁ,Viçosa do Ceará,188837.171875,56673,3332.05004883
RIO DE JANEIRO,Seropédica,675776.875,78819,8573.78027344
BAHIA,Paripiranga,130894.5703125,29727,4403.22021484
PARANÁ,Mandaguaçu,201923.65625,19270,10478.65039062
BAHIA,Capela do Alto Alegre,39229.1484375,12824,3059.04003906
PERNAMBUCO,Nazaré da Mata,189960.03125,30185,6293.18994141
SERGIPE,Nossa Senhora das Dores,144145.140625,24747,5824.75
PARAÍBA,Princesa Isabel,84892.03125,20017,4241.0
MINAS GERAIS,Campos Gerais,240981.671875,27964,8617.5703125
PIAUÍ,Pavussu,13861.8671875,4465,3104.56005859
MINAS GERAIS,Perdões,238754.328125,20228,11803.16015625
SÃO PAULO,Conchas,207561.140625,16274,12754.16015625
MINAS GERAIS,Cláudio,260494.40625,25938,10042.95996094
BAHIA,Jandaíra,47592.953125,10018,4750.74023438
SÃO PAULO,Salto,2186612.0,109948,19887.68945312
MINAS GERAIS,Pedralva,80380.046875,11351,7081.31982422
RIO GRANDE DO NORTE,São Vicente,25894.69335938,6023,4299.29980469
TOCANTINS,Silvanópolis,57763.875,5299,10900.90039062
RIO GRANDE DO NORTE,Água Nova,13867.89453125,2952,4697.79980469
SÃO PAULO,Sagres,24909.50976562,2338,10654.20019531
PARANÁ,Cafeara,33636.26953125,2853,11789.79003906
MATO GROSSO,Cuiabá,9816819.0,550562,17830.5390625
PARANÁ,Vera Cruz do Oeste,98085.515625,9257,10595.8203125
PARÁ,Santana do Araguaia,286106.03125,55033,5198.81005859
SÃO PAULO,Matão,5187325.0,78222,66315.421875
GOIÁS,Formosa,746357.25,96284,7751.62011719
MINAS GERAIS,São João do Paraíso,97728.765625,22782,4289.74023438
RIO GRANDE DO SUL,Senador Salgado Filho,45900.67578125,2940,15612.46972656
BAHIA,Piatã,61809.6015625,18470,3346.48999023
PARANÁ,Ibaiti,255210.21875,29441,8668.53027344
PIAUÍ,São João da Varjota,13689.92480469,4965,2757.29003906
BAHIA,Aratuípe,31970.6171875,8822,3623.95996094
CEARÁ,Canindé,307797.0,77552,3968.90991211
PARÁ,Santa Luzia do Pará,58426.12890625,18417,3172.39990234
SANTA CATARINA,Monte Carlo,94318.484375,9144,10314.79003906
MARANHÃO,Anajatuba,78903.5625,25063,3148.20996094
MINAS GERAIS,Delfinópolis,101209.515625,6954,14554.13964844
RIO GRANDE DO NORTE,Apodi,263993.9375,35768,7380.72998047
ESPIRITO SANTO,Pinheiros,390701.78125,23874,16365.16015625
RIO GRANDE DO SUL,Amaral Ferrador,61648.3125,6602,9337.8203125
CEARÁ,Banabuiú,76052.234375,18388,4135.97021484
BAHIA,Antônio Cardoso,52209.5390625,12589,4147.22998047
PARÁ,Floresta do Araguaia,178405.46875,15629,11415.03027344
PIAUÍ,Bonfim do Piauí,16210.26757812,5376,3015.30004883
BAHIA,Coração de Maria,98000.1328125,23774,4122.16015625
MARANHÃO,Matinha,59626.1484375,21204,2812.02001953
BAHIA,Itajuípe,114653.1328125,20490,5595.56982422
SÃO PAULO,Rubinéia,32480.0859375,2611,12439.70996094
MARANHÃO,Pedro do Rosário,61557.19140625,22856,2693.26000977
AMAZONAS,Urucará,69487.6171875,15780,4403.52001953
SÃO PAULO,Flórida Paulista,150708.21875,13761,10951.83984375
RONDÔNIA,Alto Paraíso,179099.90625,17569,10194.08984375
PARAÍBA,Nova Palmeira,18423.50976562,4087,4507.83007812
MINAS GERAIS,Fruta de Leite,28000.19335938,6426,4357.33007812
SÃO PAULO,São José do Rio Preto,7879047.5,419632,18776.08984375
TOCANTINS,Carrasco Bonito,17363.93945312,3428,5065.33007812
MARANHÃO,São Bento,105918.0234375,39312,2694.29003906
PIAUÍ,Piracuruca,95474.390625,26499,3602.93994141
RIO GRANDE DO SUL,Toropi,33232.0625,3138,10590.20019531
GOIÁS,Goiânia,21386530.0,1281975,16682.49023438
MINAS GERAIS,Iturama,561480.75,33231,16896.2890625
PARANÁ,Piraquara,479121.625,87285,5489.16015625
SANTA CATARINA,Benedito Novo,119515.8359375,10335,11564.1796875
PARANÁ,Paula Freitas,82812.2734375,5751,14399.62988281
RONDÔNIA,Cacoal,908886.375,78675,11552.41992188
MARANHÃO,Urbano Santos,72605.1171875,22938,3165.2800293
PARANÁ,Conselheiro Mairinck,31834.11132812,3700,8603.80957031
MATO GROSSO DO SUL,Bela Vista,224436.546875,23726,9459.51953125
SANTA CATARINA,Coronel Freitas,165294.203125,10520,15712.37988281
PARAÍBA,Sossêgo,12804.03125,3089,4145.04003906
BAHIA,Serra Dourada,73857.125,17858,4135.79980469
MINAS GERAIS,Cantagalo,20845.33789062,4132,5044.85009766
RIO GRANDE DO SUL,Tiradentes do Sul,63663.21875,6991,9106.45019531
MATO GROSSO,Juara,638522.3125,33246,19205.99023438
